onetsoc_code,Occupation,TaskID,Task,Introduction,Impact on Automation,Automation Percentage,Automation Explanation,Impact on Augmentation,Augmentation Percentage,Augmentation Explanation,Productivity Multiplier,Productivity Percent,Productivity Explanation,Product Example 1,Product Example 2,Product Example 3,Product Example 4,Case Study 1,Case Study 2,Conclusion
43-4051.00,Customer Service Representatives,2578,"Keep records of customer interactions or transactions, recording details of inquiries, complaints, or comments, as well as actions taken.","The role of Customer Service Representatives involves direct engagement with customers to address their needs, questions, and concerns. A critical aspect of this role is meticulously documenting all customer interactions to ensure a high level of service, resolve issues effectively, and maintain a record for future reference. This task is foundational for understanding customer needs, improving service quality, and facilitating conflict resolution.","AI has significant potential to automate the documentation process involved in customer interactions. By leveraging natural language processing (NLP) and speech recognition technologies, AI can transcribe conversations in real-time, identify key points of discussion, categorize the nature of inquiries or complaints, and automatically update customer records. This reduces manual data entry and ensures more accurate and comprehensive records.",70%,"This percentage reflects the extent to which AI can automate the recording and categorization aspects of the task. However, human oversight is necessary for interpreting complex interactions and ensuring the quality of automated records.","AI can greatly augment the capabilities of Customer Service Representatives by providing instant access to customer history, suggesting responses based on previous interactions, and highlighting unresolved issues or common patterns in complaints. This augmentation enables representatives to offer more personalized and effective service.",60%,AI's role in providing insights and support tools contributes significantly to enhancing human performance in customer service tasks.,1.8x,180%,"AI tools can nearly double the productivity of Customer Service Representatives by streamlining record-keeping processes, reducing time spent on manual data entry, and enabling more focused customer interaction.","Salesforce Service Cloud: Uses AI to automate case classification and routing, and provides representatives with a comprehensive view of customer interactions.","Zendesk Support: Offers AI-powered ticketing and customer interaction records, enhancing response quality and efficiency.","IBM Watson Assistant: Utilizes NLP to understand and categorize customer inquiries automatically, facilitating easier record-keeping.","HubSpot Service Hub: Integrates AI for better CRM and record-keeping, offering a unified platform for tracking customer interactions.",A leading telecommunications company implemented an AI-powered CRM system to automatically transcribe and categorize customer calls. This resulted in a 40% reduction in average call handling time and significantly improved the accuracy of customer records.,"An e-commerce platform used an AI chatbot to handle initial customer inquiries and complaints. The chatbot was able to document interactions and escalate complex issues to human representatives, leading to a 30% improvement in customer satisfaction scores due to faster resolution times and personalized service.","The integration of AI in the task of keeping records of customer interactions presents a transformative opportunity for Customer Service Representatives. By automating routine documentation and enhancing the quality of customer service through augmented insights, AI technologies not only improve efficiency but also enable representatives to focus on more complex and personalized customer engagement. This evolution towards AI-supported customer service is pivotal in meeting the increasing expectations of customers for swift, accurate, and empathetic service."
43-4051.00,Customer Service Representatives,2579,"Resolve customers' service or billing complaints by performing activities such as exchanging merchandise, refunding money, or adjusting bills.","The task of resolving customers' service or billing complaints is a critical function of Customer Service Representatives. This task requires a deep understanding of company policies, empathy towards customers, and the ability to make decisions that satisfy both the customer and the company. It involves various activities, including processing returns and exchanges, issuing refunds, and making adjustments to billing statements. This task is paramount for maintaining customer satisfaction and loyalty.","AI has the capability to automate several aspects of this task, particularly in identifying the nature of complaints, suggesting resolutions based on company policies, and processing straightforward requests like refunds or bill adjustments automatically. AI systems can analyze customer complaints, categorize them, and either automatically resolve them according to predefined rules or escalate them to human representatives for more complex issues.",50%,"This percentage reflects AI's ability to handle routine complaints and transactions automatically, while more complex and nuanced cases still require human intervention for a personalized resolution.","AI can significantly augment the capabilities of Customer Service Representatives by providing them with instant access to customer histories, policy guidelines, and precedent resolutions. This can speed up the decision-making process, ensure consistency in handling complaints, and allow representatives to offer more informed and personalized solutions to customers.",70%,"AI's contribution to providing background information, suggested actions, and automated processes can greatly enhance the efficiency and effectiveness of human representatives in resolving complaints.",2.0x,200%,"With AI assistance, Customer Service Representatives can handle complaints more quickly and accurately, effectively doubling their productivity by reducing the time spent on routine cases and allowing more focus on complex issues.","Freshdesk: Automates ticketing and categorizes complaints for efficient resolution, and offers AI-powered suggestions for handling common issues.","Zoho Desk: Uses AI to analyze customer satisfaction and identify trends in complaints, aiding in quicker resolution and policy adjustments.","Chatbots integrated with CRM systems: Provide first-level support by resolving simple complaints and transactions automatically, such as refunds or bill adjustments.",AI-powered analytics tools: Analyze customer interaction data to identify common issues and improve complaint resolution processes.,"A retail company implemented an AI chatbot to handle straightforward customer complaints, such as returns and refunds, directly through their online platform. This led to a 50% decrease in the workload of human customer service representatives and a 25% increase in customer satisfaction ratings due to quicker resolutions.","A utility provider used AI to analyze billing complaints, automatically adjust minor billing errors, and flag more complex issues for review by human staff. This resulted in a 40% reduction in billing-related calls to customer service and significantly improved the accuracy of billings.","AI plays a crucial role in transforming how Customer Service Representatives resolve service and billing complaints. By automating routine processes and augmenting the decision-making capabilities of human representatives, AI can significantly enhance the efficiency, accuracy, and personalization of complaint resolution. This not only improves customer satisfaction but also allows companies to manage their resources more effectively, focusing human expertise where it is most needed."
43-4051.00,Customer Service Representatives,2585,"Obtain and examine all relevant information to assess validity of complaints and to determine possible causes, such as extreme weather conditions that could increase utility bills.","The task involves a critical analytical process carried out by Customer Service Representatives to ensure that customer complaints are validated accurately and efficiently. This task requires not only a deep understanding of the product or service offered but also an ability to analyze external factors that could influence customer experiences, such as weather conditions affecting utility bills. It's a blend of investigative work and customer service, requiring both analytical skills and empathy.","AI and machine learning technologies can play a significant role in automating the initial stages of this task. For instance, AI can be used to gather and sift through large volumes of data, such as usage patterns, weather reports, and customer history, to identify potential reasons for a complaint. Automated systems can also preprocess complaints to categorize them based on their nature and complexity, preparing a comprehensive background for human agents to review.",40%,"This reflects the capacity of AI to automate the data gathering and initial analysis phase. However, interpreting this data, especially understanding the nuances of individual complaints and making judgment calls, largely remains a human-driven task.","AI significantly augments the capabilities of Customer Service Representatives by providing them with a detailed analysis of relevant information, potential causes of complaints, and suggested solutions based on data. This support allows representatives to focus on the human aspect of their role, such as empathizing with customers and communicating solutions effectively.",60%,"AI tools can enhance human work by offering insights and preliminary analyses, thus streamlining the process of handling complaints and determining their causes.",1.5x,150%,"With AI assistance, Customer Service Representatives can achieve a higher productivity rate by quickly identifying valid complaints and their causes, allowing for more efficient resolution of customer issues.","Predictive analytics tools that use historical data and weather information to anticipate issues customers might face, such as increased utility bills due to extreme weather.","CRM systems integrated with AI to automatically collect and analyze customer interaction data, providing representatives with immediate access to relevant information.",Natural language processing (NLP) tools to analyze customer complaints submitted through various channels and identify common themes or potential issues.,"AI-powered dashboards that visualize data trends and anomalies, helping representatives understand the broader context of a complaint.","A utility company implemented predictive analytics to flag accounts likely affected by recent extreme weather events, proactively addressing potential billing complaints. This led to a significant reduction in complaint volume and an increase in customer satisfaction as issues were resolved before customers felt the need to complain.","A telecommunications provider used NLP to analyze customer service calls and online complaints, identifying common issues related to service disruptions during bad weather. By understanding these patterns, the company was able to deploy targeted communication strategies and service improvements, reducing complaint rates by 30%.","In the realm of customer service, AI's role in assessing the validity of complaints and determining their causes is increasingly invaluable. By automating data collection and preliminary analysis, AI allows Customer Service Representatives to focus on the critical aspects of their role: providing empathetic and effective solutions to customer issues. Although AI greatly enhances efficiency and effectiveness, the nuanced understanding and judgment of human representatives remain essential for delivering high-quality customer service."
43-4051.00,Customer Service Representatives,2586,Solicit sales of new or additional services or products.,"This task involves customer service representatives proactively engaging with customers to promote and sell new or additional services or products. It requires a deep understanding of the company's offerings, an ability to identify customer needs or opportunities, and persuasive communication skills. This role not only supports the company's growth by increasing sales but also enhances customer satisfaction by providing solutions that meet their needs.","AI can automate aspects of this task by identifying sales opportunities based on customer data analysis. For example, AI algorithms can analyze customer purchase history, preferences, and interactions to predict which products or services they might be interested in. Automated messaging systems, such as email or chatbots, can then be used to reach out to customers with personalized offers.",30%,"This reflects AI's capability to analyze data and identify sales opportunities. However, the actual process of persuading customers and addressing their unique concerns or questions often requires a personalized human touch.","AI significantly augments the capabilities of customer service representatives in this task by providing them with detailed insights into customer behavior and preferences. AI tools can suggest which products or services to offer to specific customers, optimize the timing of sales pitches, and even generate personalized sales scripts. This allows representatives to focus on the human aspect of sales, such as building relationships and trust with customers.",70%,"AI's contribution to providing insights, recommendations, and automation supports enhances the effectiveness of human efforts in soliciting sales, making the process more efficient and targeted.",1.7x,170%,"With the support of AI tools, customer service representatives can achieve a higher success rate in selling services or products by focusing their efforts on the most promising opportunities and personalizing their approach based on AI-generated insights.",CRM systems with integrated AI capabilities that analyze customer data to identify upselling or cross-selling opportunities and automate initial outreach.,"AI-powered chatbots that engage customers on websites or social media platforms, offering personalized recommendations based on the customer's browsing behavior and previous interactions.",Predictive analytics tools that forecast customer needs and suggest specific products or services that representatives should offer.,Email marketing platforms that use AI to personalize sales pitches and optimize send times for higher engagement rates.,A retail company integrated AI into their CRM system to identify customers who might be interested in a new loyalty program based on their purchase history and engagement. Targeted outreach by customer service representatives resulted in a 25% increase in program sign-ups.,An online service provider used AI-powered chatbots to offer complementary services to customers based on their usage patterns. This proactive approach led to a 15% increase in sales of additional services within three months.,"In soliciting sales of new or additional services or products, AI plays a crucial role in enhancing the efficiency and effectiveness of customer service representatives. By leveraging AI for data analysis and personalized outreach, representatives can focus on the nuanced aspects of sales, such as addressing customer concerns and building relationships. This symbiotic relationship between AI and human representatives offers a powerful strategy for increasing sales while maintaining high levels of customer satisfaction."
43-4051.00,Customer Service Representatives,18565,"Confer with customers by telephone or in person to provide information about products or services, take or enter orders, cancel accounts, or obtain details of complaints.","This task is central to the role of Customer Service Representatives, encompassing a broad range of customer interactions from informational inquiries to transactional activities and complaint resolution. It demands excellent communication skills, a deep understanding of the company's products or services, and the ability to navigate the company's CRM and order management systems efficiently. These interactions are pivotal in shaping customer perceptions and ensuring satisfaction.","Automation technologies, particularly AI-driven solutions, can significantly impact this task by streamlining information delivery, order processing, and initial complaint handling. For example, AI chatbots and virtual assistants can handle routine inquiries about products or services, guide customers through order placement, and record complaint details for further action. This automation can ensure quick, consistent responses to customer needs and free up human representatives to handle more complex issues.",50%,"This percentage reflects the potential of AI to automate routine and straightforward tasks such as providing basic product information, taking orders, and logging complaints. Complex interactions requiring empathy, negotiation, or in-depth problem-solving still necessitate human intervention.","AI tools augment the capabilities of Customer Service Representatives by offering real-time access to customer data, product information, and support protocols. This can enhance the quality of customer interactions by enabling personalized recommendations, swift problem resolution, and accurate order management. AI can also analyze customer interaction data to identify trends and suggest improvements.",60%,"AI's role in augmenting human efforts is significant, particularly in enhancing the efficiency and personalization of customer interactions. Representatives can provide more targeted, effective service with AI's support in data analysis and management.",1.5x,150%,"AI assistance can increase the productivity of Customer Service Representatives by 1.5 times, enabling them to manage more interactions with improved accuracy and customer satisfaction.","AI chatbots for handling initial customer inquiries and orders, capable of integrating with company databases to provide accurate product information and process orders.","CRM systems enhanced with AI for better management of customer data, facilitating efficient account changes or cancellations and detailed logging of complaints.","Virtual assistants that use natural language processing to understand and respond to customer queries over the phone, providing a seamless handoff to human representatives for complex issues.","Predictive analytics tools that analyze customer interaction data to improve service delivery, identify common issues, and tailor the training of representatives.","A telecommunications company implemented an AI chatbot on its website to field customer inquiries and assist with order placements. This resulted in a 30% reduction in calls to human representatives, allowing them to focus on more complex customer needs.","An e-commerce platform introduced an AI-powered virtual assistant to handle returns and exchanges over the phone. This system was able to resolve standard requests autonomously and escalate unique cases to human staff, increasing overall customer service efficiency by 40%.","The task of conferencing with customers to provide information, process transactions, and handle complaints is significantly enhanced by AI automation and augmentation. While automation can handle routine tasks and improve response times, augmentation ensures that Customer Service Representatives have the necessary insights and tools to offer personalized and effective service. The combination of AI technologies and human expertise is key to achieving high levels of customer satisfaction and operational efficiency in customer service."
13-2011.00,Accountants and Auditors,21505,Prepare detailed reports on audit findings,"The occupation of accountants and auditors involves critical evaluation, analysis, and presentation of financial information for organizations. The task of preparing detailed reports on audit findings is integral to ensuring transparency, regulatory compliance, and fostering trust among stakeholders. This task requires a high level of precision, understanding of financial regulations, and the ability to communicate complex information clearly.","AI can significantly automate various aspects of preparing detailed audit reports. It can analyze large volumes of financial data quickly, identify discrepancies or anomalies, and even draft sections of the reports by summarizing findings. This automation can reduce the time accountants and auditors spend on manual data analysis and report compilation.",70%,"","AI augments the capabilities of accountants and auditors by providing advanced analytics, predictive insights, and data visualization tools. It can enhance the quality of audit reports through more thorough data analysis and by highlighting potential areas of risk that may not be apparent through manual review. AI tools can also suggest improvements in financial processes based on trends identified during the audit, thereby adding value beyond the traditional scope of audit reports.",80%,"See above",2.5x,250%,"AI has the potential to increase the productivity of accountants and auditors by 2.5 times in the task of preparing detailed reports on audit findings. This is achieved by automating routine data analysis, generating insights faster, and enabling auditors to focus on strategic assessment and decision-making.","MindBridge Ai Auditor: Uses AI to analyze financial transactions for anomalies, risks, and trends.",CaseWare Analytics: Provides AI-powered audit analytics and data visualization tools.,IBM Watson: Offers advanced data analysis capabilities that can be applied to financial auditing.,"Intuit QuickBooks: Utilizes AI to streamline various accounting tasks, including report generation.","A major accounting firm implemented MindBridge Ai Auditor to automate the analysis of financial transactions during audits. The firm reported a reduction in manual data analysis time by 50%, and the AI tool helped identify risk areas that had previously been overlooked.","An international corporation used CaseWare Analytics for its internal audit processes, resulting in a 40% faster audit cycle and improved accuracy in audit reports. The AI-driven insights enabled the corporation to make strategic adjustments to its financial processes, enhancing overall efficiency.","AI has a transformative potential in the occupation of accountants and auditors, especially in the task of preparing detailed reports on audit findings. It not only automates and streamlines the data analysis and report generation process but also significantly augments the depth and quality of audits through advanced analytics and insights. With AI's help, accountants and auditors can achieve higher productivity, accuracy, and provide more value-added services to their clients or organizations."
13-2011.00,Accountants and Auditors,21507,"Collect and analyze data to detect deficient controls, duplicated effort, extravagance, fraud, or non-compliance with laws, regulations, and management policies","This task is at the core of the accounting and auditing profession, involving critical examination of organizational practices to ensure efficiency, compliance, and integrity in financial operations. It requires a meticulous approach to data collection and analysis, with a keen eye for identifying irregularities that could indicate systemic issues or malicious activities within an organization.","The potential for AI to automate this task is substantial. AI systems can continuously monitor financial transactions and operations in real-time, applying advanced algorithms to detect patterns indicative of fraud, waste, or non-compliance. These systems can sift through vast amounts of data more efficiently than human auditors, identifying issues more quickly and accurately.",75%,"See above","AI significantly enhances the auditors' capabilities by providing them with tools to conduct deeper, more sophisticated analyses. AI can flag high-risk transactions for further review and suggest areas where controls might be improved, helping auditors to focus their efforts where they are most needed. Additionally, AI can help in understanding the context of data anomalies, offering insights into potential operational inefficiencies or areas where compliance efforts may be lagging.",85%,"See above",3.0x,300%,"The introduction of AI into this task can increase productivity by up to 3 times. By automating routine data collection and preliminary analysis, AI allows accountants and auditors to allocate more time to strategic analysis and advising on improvements to financial controls and compliance mechanisms.","ACL Analytics: Provides risk management, compliance, and audit professionals with data analytics tools for fraud detection and regulatory compliance.","Arbutus Audit Analytics: Offers advanced data analysis capabilities for auditors to identify errors, fraud, and operational inefficiencies.",SAS Fraud Management: Uses AI and machine learning to detect and prevent fraud across various operations.,Thomson Reuters CLEAR: Combines public and proprietary records with advanced technology to help find critical information for compliance and fraud detection.,"A multinational corporation implemented SAS Fraud Management to monitor its transactions across different countries. The AI system identified irregular patterns that led to the discovery of a significant fraud scheme, saving the company millions of dollars and leading to the implementation of stronger controls.","An audit firm utilized ACL Analytics for a comprehensive audit of a large government entity. The AI tools enabled them to uncover instances of non-compliance with procurement regulations that had gone undetected for years, leading to significant process improvements and cost savings for the government entity.","In the field of accounting and auditing, AI's role in collecting and analyzing data to detect deficiencies, fraud, and non-compliance is invaluable. It not only automates and accelerates the detection process but also enhances the quality and depth of the analysis. This leads to more effective audits, improved compliance, and stronger financial controls within organizations. As AI technology evolves, its integration into auditing practices is set to deepen, further transforming the profession."
13-2011.00,Accountants and Auditors,21514,"Prepare, examine, or analyze accounting records, financial statements, or other financial reports to assess accuracy, completeness, and conformance to reporting and procedural standards",This fundamental task for accountants and auditors is pivotal for ensuring the financial health and regulatory compliance of an organization. It involves a detailed review of financial documents to verify their accuracy and compliance with applicable laws and accounting standards. This task requires a high level of expertise in accounting principles and meticulous attention to detail.,"AI has a significant role in automating the preparation, examination, and analysis of financial documents. By employing algorithms that can learn and apply accounting rules, AI can automatically check for discrepancies, inconsistencies, and non-compliance in financial records. This automation can substantially reduce the time required for manual reviews and increase the overall efficiency of the auditing process.",65%,"See above","AI augments this task by providing accountants and auditors with advanced tools for data analysis, predictive modeling, and financial forecasting. AI systems can highlight potential issues for closer examination, suggest corrections, and even predict future trends based on historical data. This not only improves the accuracy and reliability of financial reports but also allows professionals to offer more strategic advice to their clients or employers.",75%,"See above",2.0x,200%,"The use of AI in this area can enhance productivity by up to 2 times. It streamlines the process of preparing and analyzing financial documents, enabling professionals to focus on higher-level analysis and decision-making processes. This shift from routine tasks to more complex advisory roles can significantly improve the value accountants and auditors bring to their organizations.",Xero: Offers cloud-based accounting software with features for automating financial report preparation and analysis.,QuickBooks: Utilizes AI and machine learning to automate the categorization of transactions and the generation of financial reports.,IBM Cognos Analytics: Provides AI-fueled business intelligence to enhance financial reporting and analysis.,"Zoho Books: Uses AI to automate various aspects of financial management, including invoice processing and expense tracking.","A large accounting firm integrated IBM Cognos Analytics into its audit processes, enabling auditors to quickly identify and focus on high-risk areas within financial statements. This integration led to a 30% reduction in audit time and significantly improved the accuracy of financial analyses.","A tech startup used QuickBooks to automate its financial reporting, which allowed it to efficiently manage its finances with a small administrative team. The software's AI capabilities enabled the startup to maintain accurate and up-to-date financial records, ensuring timely compliance with financial reporting standards.","AI's impact on preparing, examining, and analyzing accounting records and financial statements is profound, offering both automation and augmentation benefits. It enhances accuracy, efficiency, and compliance with reporting standards, while also freeing up accountants and auditors to focus on more strategic and advisory roles. As AI technology continues to advance, its integration into accounting and auditing practices is expected to deepen, further revolutionizing the profession."
13-2011.00,Accountants and Auditors,21519,"Analyze business operations, trends, costs, revenues, financial commitments, and obligations to project future revenues and expenses or to provide advice",This task involves a comprehensive analysis of a company's financial and operational data to forecast future performance and inform strategic decision-making. Accountants and auditors play a crucial role in guiding businesses toward financial stability and growth through insightful analysis and recommendations. This task requires not only a deep understanding of accounting principles but also the ability to interpret data trends and economic conditions.,"AI can significantly automate aspects of data collection and preliminary analysis, allowing for more efficient identification of trends and potential issues. By employing machine learning algorithms, AI systems can process vast amounts of data to detect patterns, forecast future financial scenarios, and highlight areas of concern or opportunity without human intervention.",60%,"See above","The augmentation potential of AI in this task is substantial. AI tools can enhance accountants' and auditors' abilities to perform complex analyses, offering predictive insights and simulations based on various financial and operational scenarios. These tools can provide a more detailed and nuanced understanding of potential future states, enabling professionals to offer more informed advice and strategic recommendations.",85%,"See above",2.5x,250%,"Incorporating AI into the analysis of business operations and financial projections can increase productivity by up to 2.5 times. By automating routine analyses and enhancing the depth and accuracy of forecasts, AI allows professionals to allocate more time to strategic advising and less to manual data processing.","Tableau: A powerful data visualization tool that can help in analyzing business operations and financial trends, enhanced by AI for predictive analytics.","QuickBooks: Offers features that utilize AI for financial forecasting and budgeting, aiding small businesses in managing their finances more effectively.","IBM Watson Analytics: Provides advanced AI capabilities for analyzing business data, identifying trends, and making predictions about future financial performance.","SAP Analytics Cloud: An AI-powered business intelligence platform that enables comprehensive analysis of financial data, including predictive forecasting and scenario planning.","A retail chain implemented SAP Analytics Cloud to analyze its sales data, operational costs, and customer trends. The AI-powered analysis helped the company to accurately forecast future sales and adjust its inventory and staffing levels accordingly, resulting in a significant increase in profitability.","An accounting firm utilized Tableau to assist a client in the manufacturing sector with financial planning. By analyzing historical financial data and current market trends using AI-enhanced tools, the firm was able to provide strategic advice that helped the client optimize their production processes and significantly reduce operational costs.","The task of analyzing business operations and financial data to project future trends and provide strategic advice is greatly enhanced by the use of AI. Automation and augmentation capabilities of AI technologies enable accountants and auditors to perform more accurate analyses, develop more precise forecasts, and offer more impactful advice. As AI tools continue to evolve, their integration into financial analysis and advisory services will further transform the profession, enabling more proactive and strategic financial management."
13-2011.00,Accountants and Auditors,21528,Represent clients before taxing authorities and provide support during litigation involving financial issues,"This task involves representing and defending clients' financial interests in front of taxing authorities, such as the IRS, and providing expert support during legal disputes related to financial matters. It requires a deep understanding of tax law, strong analytical skills to interpret financial data, and effective communication abilities to present arguments or evidence clearly and persuasively.","The automation potential for representing clients before taxing authorities and providing litigation support is limited due to the high level of human judgment, legal expertise, and interpersonal communication required. However, AI can assist in analyzing financial documents, identifying relevant tax laws and precedents, and preparing documentation, which can streamline the preparation process for these engagements.",30%,"See above","AI can significantly augment the capabilities of accountants and auditors in this task by providing tools for deep data analysis, predictive modeling regarding potential outcomes based on similar past cases, and risk assessment. AI-powered legal research tools can help professionals quickly find relevant case law, tax codes, and rulings to support their client's position. Additionally, AI can assist in organizing and analyzing large volumes of financial data to uncover insights that can be crucial in litigation or negotiations with taxing authorities.",50%,"See above",1.5x,150%,"The use of AI in preparing for tax authority representations and litigation support can lead to a productivity increase of up to 1.5 times. By automating the analysis of financial documents and legal research, professionals can focus more on strategy and client interaction, which are pivotal in these contexts.","Blue J Legal: Uses machine learning to predict how courts will rule in specific tax and financial situations, helping professionals prepare their cases with a higher degree of confidence.",LexisNexis: Offers AI-powered legal research that can be invaluable for finding precedents and tax laws relevant to a client's case.,"Thomson Reuters Westlaw Edge: Provides advanced legal research tools, including AI-driven legal prediction, to support case preparation and strategy development.","CaseText: An AI-driven legal research tool that can streamline the process of finding cases, statutes, and regulations relevant to financial litigation or disputes.","A tax advisory firm used Blue J Legal to analyze the likelihood of success in a complex tax dispute for a client. The AI's predictions helped the firm develop a more effective argument strategy, ultimately resulting in a favorable decision for the client.","An accounting firm specializing in litigation support utilized LexisNexis and CaseText to prepare for a high-stakes financial dispute. The AI-powered research tools enabled the firm to uncover key precedents and tax rulings that were instrumental in building a winning case, saving hundreds of hours in manual research.","While direct representation and litigation involve tasks that cannot be fully automated due to the need for human judgment and expertise, AI significantly augments the capabilities of accountants and auditors in these areas. By providing advanced tools for data analysis, legal research, and risk assessment, AI can enhance the preparation process, improve case strategies, and ultimately contribute to more successful outcomes for clients. As AI technologies continue to evolve, they will play an increasingly vital role in supporting professionals in complex financial legal matters."
33-2011.00,Firefighters,22961,"Rescue victims from burning buildings, accident sites, and water hazards","The occupation of firefighting involves a high level of physical skill, bravery, and quick decision-making to save lives and property from fires and other hazards. The task of rescuing victims from burning buildings, accident sites, and water hazards is among the most critical and challenging duties firefighters perform. It requires not only physical strength and endurance but also a deep understanding of fire behavior, building structures, and first aid.","The potential for AI to automate aspects of this task is limited by the physical and dynamic nature of the environments in which firefighters operate. However, AI can provide support in the form of information gathering, decision support, and logistical planning to make rescue operations more efficient and effective. For example, AI-powered drones can assess the situation from above, providing real-time data on the fire's spread, structural integrity, and victim locations.",10%,"Given the significant physical component and need for human judgment in unpredictable conditions, AI's potential to fully automate this task is low, around 10%.","AI can significantly augment the capabilities of firefighters in rescue operations. For instance, AI-enhanced wearable devices can monitor firefighter health in real-time, predicting exhaustion or dangerous levels of exposure to smoke and toxic gases. AI can also optimize routes for reaching victims, taking into account changing conditions and hazards. Additionally, robotic systems guided by AI can assist in carrying equipment or even extracting victims from hazardous areas.",70%,"AI's capacity to augment human work in this task is substantial, estimated at 70%.",1.5x,150%,"The integration of AI technologies can increase a firefighter's productivity by 1.5x, allowing them to perform rescues more safely and efficiently.",AI-powered drones for aerial surveillance and assessment.,Wearable devices that monitor vital signs and environmental conditions.,Robotic exoskeletons to enhance physical strength for carrying victims or equipment.,AI-based decision support systems for real-time strategic planning.,"The use of drones equipped with thermal imaging cameras has been implemented in several fire departments to locate hotspots and individuals trapped in buildings, significantly speeding up the rescue process.","Robotic systems, such as remotely operated vehicles, have been deployed in hazardous environments, such as chemical spills, to perform rescues without putting firefighters at additional risk.","While the core aspects of victim rescue by firefighters remain reliant on human capabilities, AI has a significant role to play in augmenting these efforts. Through enhanced situational awareness, health monitoring, and logistical support, AI technologies can make rescue operations safer and more effective, ultimately saving more lives. The balance between human bravery and AI's analytical prowess exemplifies a complementary relationship pivotal for the future of firefighting."
33-2011.00,Firefighters,22963,"Assess fires and situations and report conditions to superiors to receive instructions, using two-way radios","Firefighters are often the first responders to emergency situations involving fires and other hazards. A crucial part of their role involves assessing the severity and specifics of these situations and communicating findings to superiors to strategize an effective response. This task requires accurate situational assessment, clear communication, and quick decision-making to ensure the safety of both the public and firefighting personnel.","Artificial Intelligence (AI) has the potential to significantly impact the assessment phase of firefighting operations. AI can automate the analysis of data from various sources, including satellite imagery, sensors, and drones, to provide a comprehensive understanding of the fire's characteristics and behavior. This automated analysis can enhance the accuracy and speed of the assessment process, although the final reporting and decision-making would still require human oversight.",40%,"The automation potential for the assessment and initial reporting process is relatively high, around 40%, primarily due to AI's ability to rapidly analyze and synthesize data from diverse sources.","AI can augment the firefighters' abilities by providing them with enhanced tools for real-time data collection and analysis. For instance, AI-powered two-way radios can incorporate language processing to summarize and prioritize information being communicated, ensuring that critical details are highlighted. Additionally, AI can offer predictive analytics to forecast the spread of fires based on current conditions, aiding in more informed decision-making.",80%,"AI has a significant capacity to augment this task, with an estimated augmentation percentage of 80%.",2.0x,200%,"Incorporating AI into the assessment and reporting processes can increase productivity by up to 2x, enabling faster, data-driven decisions that could save lives and reduce property damage.",Drones equipped with AI for real-time fire assessment and data collection.,AI-enhanced communication systems that filter and prioritize information.,Predictive analytics software for forecasting fire spread and behavior.,Mobile apps integrated with AI to provide situational awareness and risk assessment tools.,"Several fire departments have implemented drone surveillance with AI analysis to assess wildfires, allowing for rapid adjustments to firefighting strategies and personnel deployment.","AI-driven communication tools have been used in emergency response scenarios to enhance the clarity and efficiency of information exchange between frontline firefighters and command centers, leading to more coordinated and effective responses.","The task of assessing fires and reporting conditions is significantly enhanced by the integration of AI technologies. By automating data analysis and augmenting communication capabilities, AI allows firefighters to make quicker, more informed decisions. This not only improves the effectiveness of firefighting operations but also enhances the safety of both the firefighters and the communities they serve. As AI technologies continue to evolve, their role in supporting emergency assessment and response will undoubtedly expand, offering new tools and possibilities for firefighting professionals."
33-2011.00,Firefighters,22964,"Move toward the source of a fire, using knowledge of types of fires, construction design, building materials, and physical layout of properties","This task is central to the firefighting profession, requiring a deep understanding of fire dynamics, building construction, and materials used in construction. It involves not only identifying the most effective approach to combat a fire but also ensuring the safety of firefighters and the public. This complex decision-making process is based on a combination of experience, knowledge, and situational awareness.","The physical movement towards a fire source and the decision-making process involved in this task are challenging to automate due to the dynamic, high-risk nature of fire incidents. However, AI can play a crucial role in providing support through simulation models, predictive analytics, and real-time data analysis. For example, AI can analyze the building's design and materials to predict fire behavior and recommend the safest, most effective approach paths.",5%,"The direct automation of physically moving toward a fire source is minimal, around 5%, due to the need for human judgment and physical intervention. However, AI's role in supporting decision-making processes significantly enhances operational efficiency.","AI can substantially augment the firefighter's capabilities in this task by offering advanced tools for analyzing and predicting fire behavior, assessing risks associated with different types of construction materials, and understanding the layout of properties. Virtual reality (VR) and augmented reality (AR) technologies can simulate various scenarios based on the building's design and materials, providing firefighters with a virtual walkthrough before physically entering a hazardous environment.",60%,"The capacity of AI to augment human work in this task is estimated at 60%, primarily through enhanced decision support and situational awareness tools.",1.3x,130%,"The use of AI and related technologies can increase a firefighter's productivity by up to 1.3x, enabling faster, more informed decisions that could prevent the spread of fires and save lives.",Predictive analytics software for modeling fire spread based on construction materials and design.,AR and VR training programs simulating different fire scenarios in various types of buildings.,"Real-time data analysis tools integrating information from sensors, drones, and other IoT devices to provide a comprehensive overview of the fire scene.",AI-based decision support systems offering recommendations on approach strategies based on the analysis of building layouts and fire types.,"Fire departments have started using simulation software to create detailed models of buildings within their jurisdiction, allowing firefighters to familiarize themselves with the structures and plan their movements in advance of an actual fire.","The deployment of AR technology has enabled firefighters to see through smoke and identify structural weaknesses, utility hazards, and the fire's source, significantly improving their ability to navigate burning buildings safely.","While the core activity of moving toward a fire source remains predominantly a human task, AI's role in augmenting this process is undeniable. By providing firefighters with detailed insights into fire behavior, building construction, and layout, AI technologies enhance the effectiveness and safety of firefighting operations. As AI and AR/VR technologies continue to advance, their potential to transform how firefighters approach and manage fire incidents will only grow, further augmenting their ability to protect lives and property."
33-2011.00,Firefighters,22977,Prepare written reports that detail specifics of fire incidents,"Preparing detailed written reports on fire incidents is an essential task for firefighters. These reports are crucial for documenting the incident specifics, including the cause of the fire, response tactics, resources used, and the outcome. Such documentation is vital for insurance claims, legal proceedings, and developing strategies for future fire prevention and response. This task requires attention to detail, analytical skills, and the ability to communicate complex information clearly and concisely.","AI has significant potential to automate aspects of report writing by processing and organizing data from various sources, such as incident logs, witness statements, and sensor data. Natural Language Processing (NLP) technologies can assist in drafting preliminary reports, summarizing key points, and even suggesting content based on patterns recognized in data from similar incidents.",40%,"The potential for AI to automate the preparation of written reports is moderately high, around 40%. While AI can streamline data organization and draft sections of reports, human oversight is necessary to ensure accuracy, provide context, and add insights based on personal experience and professional judgment.","AI can greatly augment the firefighters' ability to prepare detailed and accurate reports. By automating data collection and analysis, AI can free up firefighters to focus on more critical tasks. AI-enhanced tools can also ensure consistency in reporting and help identify trends over time, contributing to more effective fire prevention and response strategies.",75%,"AI's capacity to augment human work in this task is estimated at 75%, given its ability to assist with data analysis, draft reports, and ensure that reports are comprehensive and adhere to required standards.",1.5x,150%,"The use of AI in preparing fire incident reports can increase productivity by up to 1.5x, by reducing the time needed to compile and write reports and improving the quality and consistency of the documentation.",AI-powered transcription services that convert audio recordings from the scene into text for report integration.,NLP tools for summarizing witness statements and integrating them into reports.,Data analysis software that automatically generates statistics and insights from incident data.,Template-based reporting tools that use AI to customize reports based on the specifics of each incident.,A metropolitan fire department implemented an AI-based system to analyze incident data and automatically generate sections of reports. This system reduced report preparation time by 30% and increased the accuracy of data recorded.,"An AI tool was developed to analyze photos and videos from fire scenes, automatically identifying key points such as the fire's origin, which significantly improved the quality of the reports and aided in investigations.","AI's role in automating and augmenting the preparation of written reports on fire incidents represents a significant advancement for firefighting operations. By streamlining the documentation process, AI allows firefighters to dedicate more time to operational duties and training. Moreover, the enhanced accuracy and consistency of AI-assisted reports contribute to better incident analysis and strategy development for future fire prevention and response. As AI technology continues to evolve, its integration into report preparation processes will further improve efficiency and effectiveness in firefighting efforts."
33-2011.00,Firefighters,22984,"Inspect buildings for fire hazards and compliance with fire prevention ordinances, testing and checking smoke alarms and fire suppression equipment as necessary.","Firefighters' role in inspecting buildings for fire hazards and ensuring compliance with fire prevention ordinances is critical in preventing fires and minimizing damage and loss of life when fires do occur. This task involves a detailed understanding of fire safety regulations, the ability to identify potential hazards, and the knowledge to test and ensure the proper functioning of smoke alarms and fire suppression systems.","The potential for AI to automate aspects of building inspections for fire safety is growing, especially with advancements in image recognition and data analysis technologies. AI can help identify potential fire hazards in buildings by analyzing images or video feeds from inspections. Moreover, AI can manage and analyze data from smart smoke alarms and fire suppression systems, ensuring they are functioning correctly and up to date with maintenance schedules.",30%,"While the inspection process benefits from AI tools, the physical aspects of inspections and equipment testing require human intervention. Therefore, the automation potential of this task is estimated to be around 30%, focusing mainly on data analysis and hazard identification.","AI significantly augments the capabilities of firefighters in conducting inspections by providing tools for more efficient hazard detection and equipment monitoring. AI-powered software can analyze vast amounts of data from past inspections to predict potential fire hazards. Augmented reality (AR) can overlay information about fire safety features and previous inspection results during a walkthrough, making inspections more thorough and efficient.",80%,"The augmentation potential of AI in this task is high, estimated at 80%, due to its ability to enhance data analysis, improve hazard detection, and streamline the inspection process.",1.4x,140%,"Incorporating AI into the inspection process can increase a firefighter's productivity by up to 1.4x, enabling more inspections to be conducted in less time and with greater accuracy.",Mobile applications that use AI to guide firefighters through inspection checklists and record findings.,"AR glasses that display information about building layouts, previous inspection results, and potential hazards during inspections.",AI-powered image recognition software to analyze photos taken during inspections for potential hazards.,"Data analysis platforms that monitor the status of fire alarms and suppression systems in real-time, alerting inspectors to potential issues.","A city fire department implemented a pilot program using drones equipped with AI-powered cameras to conduct preliminary inspections of building exteriors. This approach identified potential hazards before in-person inspections, improving efficiency.","An AI platform was developed to analyze data from connected smoke alarms and fire suppression systems across a large property portfolio, significantly reducing the time needed for manual checks and ensuring timely maintenance.","The task of inspecting buildings for fire hazards and ensuring compliance with fire prevention ordinances is greatly enhanced by AI technology. By automating data analysis and leveraging advanced tools for hazard detection, AI allows firefighters to conduct more thorough and efficient inspections. Although the physical aspects of inspections cannot be fully automated, AI's role in augmenting these tasks is invaluable, leading to safer buildings and communities. As technology evolves, AI's integration into fire safety inspections will continue to deepen, further improving fire prevention efforts."
35-3031.00,Waiters and Waitresses,2277,"Write patrons' food orders on order slips, memorize orders, or enter orders into computers for transmittal to kitchen staff.","The task of taking and transmitting patrons' food orders is a fundamental aspect of the role of waiters and waitresses. This process involves accurately capturing customer preferences, ensuring the correct details are communicated to the kitchen staff, and managing orders efficiently to provide a seamless dining experience.","AI has the potential to significantly automate the process of taking and transmitting orders. Digital ordering systems, voice recognition technology, and AI-powered point-of-sale (POS) systems can automate the capture and transmittal of orders to the kitchen, reducing the likelihood of human error and increasing efficiency.",70%,"Approximately 70% of this task can be automated using current AI technologies. This includes the use of digital menus and ordering systems that customers can use to directly place their orders, which are then automatically transmitted to the kitchen staff.","AI can augment the capabilities of waiters and waitresses by providing them with tools that enhance order accuracy, improve communication with the kitchen, and offer personalized recommendations to customers. For instance, AI can help in analyzing past order data to suggest popular or seasonal items to customers, or alert wait staff to potential food allergy concerns.",60%,"AI can augment about 60% of this task, particularly through the use of AI-enhanced POS systems, digital ordering platforms, and customer relationship management (CRM) tools that integrate customer preferences and order history.",1.5x,150%,"With the integration of AI tools, the productivity of waiters and waitresses can be increased by up to 1.5 times. This improvement is due to reduced order-taking time, minimized errors in order transmission, and enhanced customer service through personalized recommendations.",Square for Restaurants: An AI-powered POS system that streamlines order management and kitchen communication.,Chatbot ordering systems: Allow customers to place orders through conversational AI interfaces.,Ziosk: Tabletop tablets that enable customers to order food and pay their bill directly at the table.,Toast POS: Offers advanced order management features and integrates with kitchen display systems for efficient order processing.,"A major restaurant chain implemented Ziosk tabletop tablets, resulting in a 10% increase in table turnover rate and a significant reduction in order errors.","A fine-dining restaurant adopted an AI-powered POS system by Toast, which enabled personalized customer service and streamlined kitchen operations, leading to a 20% improvement in customer satisfaction scores.","The integration of AI into the task of taking and transmitting patrons' food orders has the potential to significantly automate and augment the work of waiters and waitresses. By reducing manual tasks and errors, AI can improve efficiency, enhance customer service, and ultimately transform the dining experience. As technology evolves, the role of wait staff will likely shift towards more customer service-focused activities, leveraging AI tools to deliver personalized and efficient service."
35-3031.00,Waiters and Waitresses,2283,"Present menus to patrons and answer questions about menu items, making recommendations upon request.","This task is crucial in shaping the dining experience, requiring not only knowledge of the menu but also the ability to communicate effectively with patrons to understand their preferences and make personalized recommendations. It involves a blend of communication skills, product knowledge, and customer service.","While the personal interaction involved in presenting menus and making recommendations is less susceptible to full automation, AI can play a significant role in augmenting this process. For example, AI-driven recommendation engines can analyze customer preferences, dietary restrictions, and past ordering history to suggest menu items.",30%,About 30% of this task can be automated through the use of digital menus and AI-based recommendation systems that assist patrons in making menu selections before or during the interaction with the wait staff.,"AI significantly enhances this task by providing waiters and waitresses with tools to offer more informed and personalized recommendations. AI can analyze vast amounts of data, including customer reviews, ingredient lists, and nutritional information, to assist staff in answering questions and making suggestions tailored to each patron's tastes and dietary needs.",70%,"AI has the potential to augment about 70% of this task. This includes support through digital assistance and recommendation systems, which can offer suggestions based on the patrons preferences or highlight the most popular or seasonal items.",1.3x,130%,The integration of AI tools can increase the productivity of waiters and waitresses by up to 1.3 times in the context of menu presentation and making recommendations. This is achieved by reducing the time spent on memorizing detailed menu information and allowing staff to focus more on customer service and interaction.,Digital menus with AI recommendation features: These can suggest dishes based on customer preferences or dietary restrictions.,"Chatbots and virtual assistants: Deployed on tablets or smartphones, they can provide answers to customer queries about menu items.",AI-powered CRM systems: Tailor recommendations by integrating with a restaurant's POS system to track customer preferences and ordering history.,Personalized marketing tools: Offer recommendations through email or social media based on past dining experiences.,"A casual dining restaurant introduced digital menus with integrated AI recommendation engines, leading to a 15% increase in sales of recommended items and improved customer satisfaction due to personalized suggestions.","An upscale eatery utilized an AI-powered CRM system to track patron preferences, resulting in a 25% increase in repeat visits by offering personalized menu suggestions and promotions based on past orders.","AI's role in presenting menus and assisting with menu item inquiries and recommendations is primarily augmentative, enhancing the waiter's ability to provide personalized service. By leveraging data and AI tools, waiters and waitresses can offer recommendations that are more aligned with individual preferences, thereby improving the dining experience and potentially increasing sales of higher-margin items. As AI technology continues to evolve, it will further empower restaurant staff to deliver exceptional service with a personal touch."
35-3031.00,Waiters and Waitresses,2285,Clean tables or counters after patrons have finished dining.,"Cleaning tables and counters post-dining is an essential task for waiters and waitresses, ensuring a welcoming and hygienic environment for new patrons. This task involves clearing dishes, wiping down surfaces, and resetting the table for the next customers, which is pivotal for maintaining the restaurants appearance and operational efficiency.","The automation potential for the physical aspects of cleaning tables and counters is currently limited but growing with advancements in robotics and automation technology. Automated cleaning robots, for example, can be programmed to clear tables and clean surfaces, though human oversight is still necessary for quality control and handling delicate tasks.",40%,Approximately 40% of this task could potentially be automated with current and near-future technologies. This includes the use of robotic systems for basic cleaning tasks and automated dish return systems to assist in clearing tables.,"AI and automation can augment the efficiency of wait staff by streamlining the cleaning process. Smart scheduling systems can optimize the cleaning sequence based on customer flow, ensuring that staff focus on high-priority areas. Additionally, AI-driven monitoring systems can alert staff to tables that need attention, minimizing wait times for new patrons.",50%,"AI can augment about 50% of this task by optimizing workflows and providing real-time data on table status, which helps in prioritizing cleaning efforts during peak times.",1.2x,120%,"The use of automation and AI in cleaning tasks can increase the productivity of waiters and waitresses by up to 1.2 times. This is achieved by reducing the time spent on routine cleaning tasks, allowing staff to allocate more time to customer service and other value-added activities.",Robotic cleaning assistants: Robots designed to assist with clearing tables and cleaning surfaces in dining areas.,Smart dish return systems: Automated systems that streamline the process of returning and sorting dishes to the kitchen.,AI-driven task management systems: Software that optimizes the allocation of cleaning tasks based on real-time needs and staff availability.,"Environmental monitoring sensors: Devices that detect table occupancy and cleanliness, alerting staff to areas that need attention.","A restaurant chain implemented robotic cleaning assistants to support staff during busy periods, resulting in a 30% reduction in the time required to clean tables and a noticeable improvement in customer satisfaction due to faster seating times.","An upscale dining venue introduced an AI-driven task management system for cleaning and table preparation, which led to a 20% increase in operational efficiency by ensuring that tables were ready for new patrons in the shortest possible time.","While the physical task of cleaning tables and counters after dining involves elements that are challenging to fully automate, AI and automation technologies offer significant opportunities to augment the efficiency and effectiveness of waiters and waitresses. By automating routine aspects and optimizing task allocation, these technologies can enhance operational efficiency, improve the dining experience for patrons, and allow restaurant staff to focus more on providing excellent customer service."
35-3031.00,Waiters and Waitresses,2288,"Prepare tables for meals, including setting up items such as linens, silverware, and glassware.","The preparation of tables for meals is a crucial aspect of the dining experience, involving meticulous attention to detail to ensure that the presentation meets the establishment's standards. This task requires precision and an understanding of the dining etiquette and layout specific to the cuisine and style of the restaurant.","The automation of table preparation, including the placement of linens, silverware, and glassware, is challenging due to the need for fine motor skills and aesthetic judgment. However, automation technologies can assist in inventory management and the organization of supplies needed for table setting, thereby streamlining the process.",20%,"Approximately 20% of this task can be automated with current technology. Automation can primarily support the logistical aspects of table preparation, such as ensuring that all necessary items are stocked and readily available for setup.","AI and automation can significantly augment the efficiency and consistency of table preparation tasks. For example, AI-driven systems can provide wait staff with real-time updates on inventory levels or suggest table layouts optimized for specific types of meals or events. Additionally, wearable technology can guide staff through the process, ensuring that each table is set up correctly and efficiently.",40%,"AI can augment about 40% of this task. While the physical setting of the table remains a manual process, AI can optimize the backend processes and provide guidance to ensure standards are met more consistently.",1.1x,110%,The integration of supportive AI and automation technologies can increase the productivity of waiters and waitresses by up to 1.1 times in the context of table preparation. This is achieved by reducing the time spent on inventory checks and decision-making regarding table arrangements.,"Inventory management systems: AI-powered tools that track and predict the usage of linens, silverware, and glassware to ensure availability.","Augmented reality (AR) guides: Wearable devices that provide staff with visual instructions on table settings, improving accuracy and speed.","Task management software: Applications that assign and track the progress of table preparation tasks, ensuring efficient allocation of responsibilities among staff.",Smart storage solutions: Automated systems that organize and dispense table setting items based on the number of guests and type of meal.,"A luxury hotel restaurant implemented an inventory management system for their dining services, leading to a 25% reduction in the time staff spent preparing tables due to optimized access to necessary items.","A high-end catering company utilized AR guides for table setting training, resulting in a 50% faster learning curve for new employees and a noticeable improvement in the consistency of table presentation at events.","While the core aspects of table preparation for meals involve personal touch and manual dexterity, AI and automation technologies offer valuable support by enhancing the efficiency of preparatory steps and ensuring that standards are consistently met. By automating backend processes and providing real-time assistance, these technologies can improve operational efficiency, reduce errors, and allow wait staff to dedicate more attention to customer service and other critical tasks."
35-3031.00,Waiters and Waitresses,18746,"Assist host or hostess by answering phones to take reservations or to-go orders, and by greeting, seating, and thanking guests.","This task highlights the multifaceted role of waiters and waitresses, extending beyond the dining area to include interactions that set the tone for the guest's experience. It encompasses the initial contact with the establishment, whether through phone calls for reservations or to-go orders, or the physical welcoming and seating of guests. This task is pivotal in managing the flow of the restaurant and ensuring customer satisfaction from the outset.","Significant portions of this task can be automated, particularly in handling reservations and to-go orders. Automated reservation systems and AI-powered chatbots can manage bookings and orders with high efficiency and accuracy, reducing the need for manual input and allowing staff to focus on in-person customer service.",60%,"Approximately 60% of this task can be automated using current technologies. This includes the use of online reservation systems, automated phone systems for taking orders, and AI chatbots that can handle inquiries and bookings.","AI and automation can augment the capabilities of wait staff by streamlining the reservation and order-taking process, ensuring accuracy, and freeing up staff to provide more personalized service to arriving and departing guests. For example, digital guest management systems can provide staff with real-time updates on table availability, guest preferences, and wait times, enhancing the guest experience.",70%,"AI can augment about 70% of this task, especially through the use of digital tools that assist in managing reservations, to-go orders, and guest flow. These technologies can also offer insights into guest preferences and history, enabling staff to offer a more tailored greeting and seating experience.",1.4x,140%,"The integration of AI and automation tools can increase the productivity of waiters and waitresses by up to 1.4 times in this aspect of their role. This improvement comes from reducing the time spent on the phone and manually managing reservations and orders, allowing for a greater focus on guest interaction and service.",OpenTable or Resy: Online reservation and guest management systems that handle bookings and provide insights into guest preferences.,"Chatbots for restaurants: AI-driven interfaces that can take reservations and to-go orders, answer FAQs, and send confirmations.",Digital seating charts and guest management software: Tools that assist in efficiently managing the flow of guests and seating arrangements.,"Automated phone systems: Systems designed to handle reservations, to-go orders, and basic inquiries, routing complex requests to staff as needed.","A popular urban bistro implemented an online reservation system, resulting in a 30% decrease in missed reservations and a significant reduction in wait times for guests, enhancing overall customer satisfaction.","A family-owned restaurant introduced a chatbot for handling to-go orders and reservations, leading to a 20% increase in order volume and freeing up staff to provide more attentive service to dine-in guests.","Automating and augmenting the tasks of answering phones for reservations and to-go orders, as well as assisting in greeting and seating guests, can significantly enhance the efficiency and effectiveness of waiters and waitresses. By leveraging AI and digital tools, restaurants can streamline operations, improve accuracy in bookings and orders, and allow staff to focus on providing a high level of personalized service, thereby enhancing the overall guest experience."
17-2051.00,Civil Engineers,147,"Compute load and grade requirements, water flow rates, or material stress factors to determine design specifications.","Civil engineering is a profession that entails the design, construction, and maintenance of the physical and naturally built environment. Task 147 focuses on the critical step of computing various physical and environmental factors essential to ensuring the safety, sustainability, and efficiency of civil engineering projects. This task is foundational in the design phase, impacting the selection of materials, structural integrity, and overall project success.","AI has a significant potential to automate aspects of this task, particularly in the areas of data analysis and predictive modeling. By leveraging AI algorithms, civil engineers can automate the computation of load requirements, water flow rates, and material stress factors, leading to more accurate and timely design specifications. This automation can reduce human errors, speed up the design process, and allow engineers to explore a wider range of design scenarios and optimizations.",70%,"See above","AI can augment human capabilities in this task by providing advanced tools for simulation and optimization. For example, AI-powered software can offer predictive insights into how structures will perform under various conditions, helping engineers make informed decisions. Additionally, AI can enhance the engineer's ability to model complex interactions between environmental factors and materials, leading to innovative design solutions.",60%,"See above",2.5x,250%,"AI technologies can increase a civil engineer's productivity by up to 2.5 times. This improvement comes from the reduced time needed for computational tasks, the ability to rapidly prototype and test design variations, and the enhanced accuracy of engineering predictions.",Autodesk Civil 3D: Offers AI-enhanced automation for drafting and designing civil infrastructure.,"Bentley Systems STAAD.Pro: Utilizes AI for structural analysis and design, optimizing material usage and structural integrity.","ANSYS CivilFEM: Integrates AI for advanced civil engineering simulation, including water flow and material stress analysis.",Trimble Tekla Structural Designer: Applies AI for automated load analysis and design optimization in complex projects.,"The Millau Viaduct in France utilized advanced simulation software, incorporating AI to compute and optimize wind resistance and material stress factors, leading to a design that combines durability with aesthetic appeal.","The use of AI in the design of the Shanghai Tower allowed engineers to optimize the building's twist and taper, reducing wind loads by 24%. This achievement was made possible by AI-driven computational models that accurately predicted wind flow and stress factors.","AI holds transformative potential for the occupation of civil engineering, particularly in tasks such as computing load and grade requirements, water flow rates, or material stress factors. By automating complex computations and augmenting human capabilities with predictive modeling and optimization tools, AI can significantly enhance the efficiency, accuracy, and innovation in civil engineering designs. The integration of AI technologies into this field not only accelerates the design process but also opens new horizons for sustainable and resilient infrastructure development."
17-2051.00,Civil Engineers,148,Inspect project sites to monitor progress and ensure conformance to design specifications and safety or sanitation standards.,"This task encompasses the critical responsibility of civil engineers to oversee project sites, ensuring that construction progresses as planned and adheres to predefined design specifications, safety codes, and sanitation standards. It involves on-site inspections, progress monitoring, and compliance verification, which are pivotal for the successful completion of civil engineering projects. The role requires a keen eye for detail, deep understanding of engineering principles, and the ability to anticipate and solve problems on the fly.","The potential for automating aspects of this task is moderately high, especially with the advent of digital tools and technologies such as drones, sensors, and AI-powered analytics platforms. These technologies can automate the collection of site data, monitor construction progress, and flag deviations from the plan. However, the critical analysis, decision-making, and problem-solving aspects of ensuring conformance to design specifications and standards still heavily rely on human expertise.",40%,"See above","AI significantly augments the capabilities of civil engineers in site inspection tasks by providing real-time data analysis, predictive insights, and enhanced visualization of project progress. Tools such as drone imagery analyzed by AI algorithms can identify discrepancies from plans more quickly and accurately than manual inspections. AI can also predict potential safety or sanitation issues by analyzing data trends, allowing engineers to address problems before they become critical.",70%,"See above",2.0x,200%,"The integration of AI and related technologies into site inspection tasks can increase a civil engineer's productivity by up to 2 times. This enhancement is achieved through more efficient data collection, faster identification of issues, and the ability to monitor multiple project sites simultaneously without being physically present at each location.",DroneDeploy: Offers drone software that uses AI to capture aerial site imagery and analyze it for progress tracking and inspection.,"Autodesk BIM 360: Utilizes AI to integrate project data, providing a comprehensive view of project progress and facilitating the detection of deviations from specifications.","Spot by Boston Dynamics: An AI-powered robot that can navigate construction sites, capturing data and imagery to monitor project progress and safety compliance.",Propeller Aero: Provides AI-enhanced drone mapping and 3D site modeling to accurately track construction progress and ensure adherence to design plans.,"The construction of the Los Angeles International Airport's Midfield Satellite Concourse utilized drone imagery and AI analytics to monitor project progress, allowing engineers to quickly identify and rectify deviations from the design specifications.","On the Hudson Yards redevelopment project in New York City, AI-powered tools were employed to ensure safety standards were met throughout the construction phase. These tools helped in identifying potential hazards and ensuring that construction adhered to the highest safety and sanitation standards.","The task of inspecting project sites to ensure conformance to design specifications and safety or sanitation standards is crucial in civil engineering. While AI and digital technologies offer substantial benefits in automating data collection and analysis, the expertise and judgment of civil engineers remain indispensable. AI significantly augments engineers' capabilities, enabling more efficient and accurate site inspections, which contributes to safer, more reliable, and timely project completions. The synergy between AI technologies and human expertise is reshaping how civil engineers approach site inspections, driving advancements in construction project management and execution."
17-2051.00,Civil Engineers,20489,"Provide technical advice to industrial or managerial personnel regarding design, construction, program modifications, or structural repairs.","This task highlights the consultative role of civil engineers, where they apply their expertise to advise on various aspects of design, construction, and maintenance. It involves not just a deep understanding of engineering principles but also the ability to communicate complex concepts clearly and effectively to non-engineers. This role is crucial in ensuring that projects meet technical standards, are feasible, and align with the strategic goals of the organization or project stakeholders.","The automation potential for the advisory aspect of civil engineering is limited due to the highly contextual and nuanced nature of the advice required. While AI can support data analysis and provide recommendations based on predefined criteria, the human element of interpretation, experience-based judgment, and personalized advice cannot be fully automated. AI tools can augment the engineer's ability to analyze complex data sets and simulate scenarios, which can inform the advice given.",20%,"See above","AI significantly augments this task by providing civil engineers with advanced tools for data analysis, simulation, and visualization. For instance, AI can analyze vast amounts of data from past projects to identify trends and predict outcomes, helping engineers provide more informed advice. Additionally, AI-powered simulation tools can model the impact of design choices, construction methods, and program modifications in virtual environments before any real-world application, enhancing the quality of technical advice.",60%,"See above",1.5x,150%,"With the help of AI and related technologies, a civil engineer's productivity in providing technical advice can be increased by up to 1.5 times. This improvement is due to the ability to quickly access and analyze relevant data, create accurate simulations, and visualize complex engineering concepts, thereby enhancing the effectiveness and efficiency of the advice provided.","Autodesk Revit: Offers tools for architectural design, MEP engineering, structural engineering, and construction, which can be used to simulate and analyze design choices.","Civil 3D from Autodesk: Provides support for civil infrastructure project documentation and design, aiding engineers in advising on construction and program modifications.","Bentley Systems MicroStation: Enables the creation of detailed models that can be used for simulations, informing advice on structural repairs and modifications.","ANSYS: Offers comprehensive engineering simulation software, helping to predict how product designs will behave in real-world environments.","In the retrofitting of the San FranciscoOakland Bay Bridge, civil engineers used simulation software to advise on structural repairs and reinforcements necessary to enhance earthquake resistance, leading to a safer and more durable structure.","For the Panama Canal expansion project, engineers utilized advanced modeling tools to provide advice on design and construction techniques that would accommodate the new lock systems and larger ships, ensuring the successful completion of this monumental project.","The task of providing technical advice on design, construction, program modifications, or structural repairs is a critical aspect of the civil engineering profession that relies heavily on human expertise, judgment, and communication skills. While AI can augment this task by offering powerful tools for data analysis, simulation, and visualization, the essential elements of experience-based insight and personalized communication ensure that this remains a predominantly human-driven endeavor. AI and related technologies serve to enhance the quality and impact of the advice given, supporting engineers in making well-informed recommendations to industrial or managerial personnel."
17-2051.00,Civil Engineers,20490,"Manage and direct the construction, operations, or maintenance activities at project site.","This task encompasses the comprehensive management responsibilities of civil engineers at a project site, including overseeing construction activities, operations, and maintenance. It requires a combination of technical knowledge, leadership, and project management skills to ensure that projects are completed on time, within budget, and to the required quality standards. Effective site management involves coordinating with diverse teams, troubleshooting problems, and ensuring compliance with safety and regulatory standards.","The automation potential for the management and direction of site activities is moderate. While specific operational tasks can be automated with the use of project management software and AI-driven tools, the leadership, decision-making, and problem-solving aspects of this role rely heavily on human skills. AI can assist in scheduling, resource allocation, and monitoring progress, but the adaptive and interpersonal elements of managing a project site are beyond the current scope of full automation.",30%,"See above","AI and technology significantly augment this task by providing tools that enhance project management capabilities. AI-driven analytics can predict delays or cost overruns, enabling proactive adjustments. Drones and IoT devices offer real-time monitoring of construction sites, improving oversight and safety. Collaboration platforms facilitate communication among team members, stakeholders, and contractors, streamlining operations and maintenance activities.",70%,,2.0x,200%,"The integration of AI and related technologies can increase a civil engineer's productivity in managing project sites by up to 2 times. This boost comes from improved efficiency in project monitoring, enhanced decision-making with predictive analytics, and streamlined communication and coordination among project participants.","Procore: A construction management software that offers tools for project management, resource allocation, and communication, facilitating the effective direction of site activities.","Autodesk Construction Cloud: Integrates project, design, and construction data into one platform, enhancing collaboration and decision-making.","DroneDeploy: Provides drone software for aerial site surveys and monitoring, offering insights into construction progress and identifying potential issues early.","IBM Watson IoT: Offers IoT solutions that can monitor construction equipment and site conditions in real-time, aiding in operations and maintenance management.","The construction of the Burj Khalifa, the world's tallest building, utilized advanced project management software to coordinate the complex construction activities, operations, and maintenance tasks, ensuring the project's timely and successful completion.","For the renovation of the London Bridge Station, technology played a crucial role in managing the site, with the use of BIM for planning and coordination, and IoT sensors for monitoring construction progress and safety, demonstrating how AI and digital tools can augment site management practices.","The task of managing and directing construction, operations, or maintenance activities at a project site is vital in civil engineering, requiring a blend of technical expertise, leadership, and project management skills. While the core leadership and decision-making responsibilities remain predominantly human, AI and digital technologies significantly augment the efficiency and effectiveness of project management practices. These technologies provide civil engineers with powerful tools for planning, monitoring, and coordinating site activities, leading to more successful project outcomes."
17-2051.00,Civil Engineers,20492,"Analyze survey reports, maps, drawings, blueprints, aerial photography, or other topographical or geologic data.","This task is foundational in civil engineering, involving the analysis of various types of data to inform the planning, design, and execution of construction projects. It requires a thorough understanding of geology, topography, and design principles to interpret the data accurately and make informed decisions about project feasibility, environmental impact, and structural design. The ability to analyze and integrate this diverse range of data is crucial for ensuring that projects are safe, sustainable, and aligned with environmental and regulatory standards.","The potential for automation in this task is high, particularly with the advent of Geographic Information Systems (GIS), Computer-Aided Design (CAD) software, and AI-driven data analysis tools. These technologies can automate the processing and analysis of large volumes of topographical and geologic data, identifying patterns and insights more efficiently than manual methods. Automation can also assist in the creation of detailed project simulations and in assessing various design and location options.",75%,"See above","AI significantly augments civil engineers' capabilities in analyzing survey reports, maps, and other geologic data by providing enhanced accuracy, speed, and depth of analysis. Advanced software can model environmental impacts, predict structural behaviors under various conditions, and offer visualization tools that help engineers understand complex datasets. This augmentation allows for more informed decision-making, innovative design solutions, and effective risk management.",80%,"See above",3.0x,300%,"The use of AI and related technologies can increase a civil engineer's productivity in this task by up to 3 times. This improvement is due to the enhanced ability to quickly process and analyze vast amounts of data, generate accurate models, and visualize complex scenarios, enabling faster and more informed decisions.","ESRI ArcGIS: A comprehensive GIS platform that enables the analysis and visualization of geospatial data, supporting informed decision-making in civil engineering projects.","AutoCAD Civil 3D: Provides civil engineering design and documentation software that supports Building Information Modeling (BIM) workflows, allowing for the efficient analysis of topographical data.","Trimble Business Center: Offers a suite of tools for processing and analyzing survey data, including aerial imagery and geospatial information, to aid in the planning and design of engineering projects.","Pix4D: Specializes in photogrammetry software that processes aerial and ground-level imagery into precise, georeferenced 2D maps and 3D models, aiding in the analysis of topographical features.","The construction of the Gotthard Base Tunnel in Switzerland utilized advanced geological data analysis software to navigate the challenging Alpine geology, ensuring safe and efficient tunneling through varied rock types.","For the development of the High Speed 2 (HS2) railway in the UK, engineers employed GIS and CAD software to analyze vast amounts of topographical and geological data, optimizing the route design to minimize environmental impact and ensure structural integrity.","The analysis of survey reports, maps, drawings, blueprints, aerial photography, and other topographical or geologic data is a critical task in civil engineering that benefits greatly from automation and AI augmentation. These technologies enable civil engineers to process and understand complex data more efficiently and accurately, leading to better-informed decisions, innovative designs, and successful project outcomes. As AI and software tools continue to evolve, they will play an increasingly vital role in enhancing the capabilities of civil engineers in analyzing and utilizing geospatial and geological data."